{
  "proprio_mean": [
    -0.0712461769580841,
    -0.06127432733774185,
    -0.1413017362356186,
    0.6217705011367798,
    0.30346623063087463,
    -0.3351498544216156,
    0.2887418568134308,
    -0.034072522073984146,
    0.09136489033699036,
    -0.02575627528131008,
    -0.14944100379943848,
    0.5683074593544006,
    -0.11109768599271774,
    0.28033676743507385,
    0.30133211612701416,
    0.09843312948942184
  ],
  "proprio_std": [
    0.014687909744679928,
    0.016603758558630943,
    0.013927377760410309,
    0.41682201623916626,
    0.23799118399620056,
    0.25046446919441223,
    0.1802763044834137,
    0.3736184239387512,
    0.021580150350928307,
    0.015112337656319141,
    0.011494280770421028,
    0.4611090421676636,
    0.3040204644203186,
    0.3893762528896332,
    0.1965460628271103,
    0.22352737188339233
  ]
}