{
  "episode_index": 35,
  "frame_indices": [
    744,
    750,
    756,
    762,
    768,
    774,
    780,
    786,
    792,
    798,
    804,
    810,
    816,
    822,
    828,
    834,
    840
  ],
  "timestamps": [
    24.799999237060547,
    25.0,
    25.200000762939453,
    25.399999618530273,
    25.600000381469727,
    25.799999237060547,
    26.0,
    26.200000762939453,
    26.399999618530273,
    26.600000381469727,
    26.799999237060547,
    27.0,
    27.200000762939453,
    27.399999618530273,
    27.600000381469727,
    27.799999237060547,
    28.0
  ],
  "states_shape": [
    3,
    17,
    128,
    128
  ],
  "actions_shape": [
    32,
    17
  ],
  "states_min": 0.0,
  "states_max": 0.998408317565918,
  "actions_mean": 0.3193482756614685,
  "actions_std": 0.778319776058197
}