{
  "episode_index": 70,
  "frame_indices": [
    1692,
    1698,
    1704,
    1710,
    1716,
    1722,
    1728,
    1734,
    1740,
    1746,
    1752,
    1758,
    1764,
    1770,
    1776,
    1782,
    1788
  ],
  "timestamps": [
    56.400001525878906,
    56.599998474121094,
    56.79999923706055,
    57.0,
    57.20000076293945,
    57.400001525878906,
    57.599998474121094,
    57.79999923706055,
    58.0,
    58.20000076293945,
    58.400001525878906,
    58.599998474121094,
    58.79999923706055,
    59.0,
    59.20000076293945,
    59.400001525878906,
    59.599998474121094
  ],
  "states_shape": [
    3,
    17,
    128,
    128
  ],
  "actions_shape": [
    32,
    17
  ],
  "states_min": 0.0,
  "states_max": 0.9946162700653076,
  "actions_mean": -0.13300059735774994,
  "actions_std": 1.00759756565094
}