{
  "episode_index": 0,
  "frame_indices": [
    0,
    6,
    12,
    18,
    24,
    30,
    36,
    42,
    48,
    54,
    60,
    66,
    72,
    78,
    84,
    90,
    96
  ],
  "timestamps": [
    0.0,
    0.20000000298023224,
    0.4000000059604645,
    0.6000000238418579,
    0.800000011920929,
    1.0,
    1.2000000476837158,
    1.399999976158142,
    1.600000023841858,
    1.7999999523162842,
    2.0,
    2.200000047683716,
    2.4000000953674316,
    2.5999999046325684,
    2.799999952316284,
    3.0,
    3.200000047683716
  ],
  "states_shape": [
    3,
    17,
    128,
    128
  ],
  "actions_shape": [
    32,
    17
  ],
  "states_min": 0.0,
  "states_max": 0.9998549222946167,
  "actions_mean": 0.09677262604236603,
  "actions_std": 0.8687981367111206
}